id;firstName;middleName;lastName;preferredName;account_id
95887027-5cd7-484d-a7e1-b23a882157b7;John;;Jurgensen;Mr. Jurgenson;d1dae63e-b1c7-45a8-8b63-d9a670924556
5ff44187-3882-49c3-8059-6eb3d3682172;Martha;;Jurgensen;Matty;d1dae63e-b1c7-45a8-8b63-d9a670924556
ea9f87f5-7c83-42b9-a56b-0449f6bcc6a6;Wilton;;Jurgensen;;d1dae63e-b1c7-45a8-8b63-d9a670924556
59a94814-3ff7-47d1-9d76-ca461291e22d;Ella;;Smithe;;d1dae63e-b1c7-45a8-8b63-d9a670924556
634701bc-c1f3-4624-93d5-a77ed0e10f31;Norbert;;Long;;1a2be80a-02c2-4860-a3cd-53c9be18627a
a212f0a0-1cfb-4f2d-b950-57923a2d231f;Cahra;;Long;;1a2be80a-02c2-4860-a3cd-53c9be18627a
43a90efb-8893-47ff-ab7b-b841e845a300;Chrissie;;Long;;1a2be80a-02c2-4860-a3cd-53c9be18627a
834df8f3-7496-427f-a6e4-6098d6d606b8;Jesselyn;;Physick;;1a2be80a-02c2-4860-a3cd-53c9be18627a
22ae345c-e1fd-4817-a879-ab102f4f9670;Devinne;;Castelyn;;1a2be80a-02c2-4860-a3cd-53c9be18627a
85681864-146e-420e-83da-5c102f77aaf3;Burton;;Van den Dael;Burt;1a2be80a-02c2-4860-a3cd-53c9be18627a
af9ca358-760f-4c39-8aa5-e774e9c0135e;Matthiew;;Pankethman;;1a2be80a-02c2-4860-a3cd-53c9be18627a